x,y,z
0.000000000000000000e+00,0.000000000000000000e+00,0.000000000000000000e+00
1.089621332671151022e+00,-8.647243082312877638e-01,-1.127879733994150202e+00
1.477039223848676808e-01,1.471383701019490509e-01,-1.676565836544658294e+00
1.237325255056018758e+00,-7.175859381293386852e-01,-2.804445570538808497e+00
-1.175253966544098194e+00,7.938726476928948950e-01,-7.272523757631256247e-01
-8.563263387294717255e-02,-7.085166053839286882e-02,-1.855132109757275938e+00
-1.027550044159230458e+00,9.410110177948439736e-01,-2.403818212307784030e+00
6.207128851192056374e-02,7.628670956355620980e-02,-3.531697946301934010e+00
1.503630258991360602e+00,0.000000000000000000e+00,0.000000000000000000e+00
2.593251591662511402e+00,-8.647243082312877638e-01,-1.127879733994150202e+00
1.651334181376228338e+00,1.471383701019490509e-01,-1.676565836544658294e+00
2.740955514047379360e+00,-7.175859381293386852e-01,-2.804445570538808497e+00
3.283762924472624078e-01,7.938726476928948950e-01,-7.272523757631256247e-01
1.417997625118413429e+00,-7.085166053839286882e-02,-1.855132109757275938e+00
4.760802148321300886e-01,9.410110177948439736e-01,-2.403818212307784030e+00
1.565701547503281166e+00,7.628670956355620980e-02,-3.531697946301934010e+00
1.196883011758582915e+00,6.424006881227105614e-01,-4.086427338136878751e-01
2.286504344429733937e+00,-2.223236201085772024e-01,-1.536522467807837966e+00
1.344586934143450652e+00,7.895390582246596400e-01,-2.085208570358346059e+00
2.434208266814601451e+00,-7.518525000662812374e-02,-3.213088304352496039e+00
2.162904521448472117e-02,1.436273335815605456e+00,-1.135895109576813500e+00
1.111250377885635743e+00,5.715490275843176926e-01,-2.263774843570963924e+00
1.693329675993524019e-01,1.583411705917554535e+00,-2.812460946121471572e+00
1.258954300270503479e+00,7.186873976862667712e-01,-3.940340680115621552e+00
2.700513270749943295e+00,6.424006881227105614e-01,-4.086427338136878751e-01
3.790134603421094539e+00,-2.223236201085772024e-01,-1.536522467807837966e+00
2.848217193134810810e+00,7.895390582246596400e-01,-2.085208570358346059e+00
3.937838525805961609e+00,-7.518525000662812374e-02,-3.213088304352496039e+00
1.525259304205845101e+00,1.436273335815605456e+00,-1.135895109576813500e+00
2.614880636876995901e+00,5.715490275843176926e-01,-2.263774843570963924e+00
1.672963226590712837e+00,1.583411705917554535e+00,-2.812460946121471572e+00
2.762584559261863859e+00,7.186873976862667712e-01,-3.940340680115621552e+00
-1.317768772656748633e+00,-2.295315349703078711e-01,-4.060089663733883886e-02
-2.281474399855976110e-01,-1.094255843201595635e+00,-1.168480630631488992e+00
-1.170064850271880896e+00,-8.239316486835882025e-02,-1.717166733181997085e+00
-8.044351760072987467e-02,-9.471174730996465563e-01,-2.845046467176147509e+00
-2.493022739200847049e+00,5.643411127225870239e-01,-7.678532724004644150e-01
-1.403401406529696027e+00,-3.003831955087007399e-01,-1.895733006394614506e+00
-2.345318816815979535e+00,7.114794828245361025e-01,-2.444419108945122598e+00
-1.255697484144828513e+00,-1.532448254067516613e-01,-3.572298842939273023e+00
1.858614863346119694e-01,-2.295315349703078711e-01,-4.060089663733883886e-02
1.275482819005762991e+00,-1.094255843201595635e+00,-1.168480630631488992e+00
3.335654087194796502e-01,-8.239316486835882025e-02,-1.717166733181997085e+00
1.423186741390630727e+00,-9.471174730996465563e-01,-2.845046467176147509e+00
-9.893924802094862248e-01,5.643411127225870239e-01,-7.678532724004644150e-01
1.002288524616647969e-01,-3.003831955087007399e-01,-1.895733006394614506e+00
-8.416885578246184885e-01,7.114794828245361025e-01,-2.444419108945122598e+00
2.479327748465325332e-01,-1.532448254067516613e-01,-3.572298842939273023e+00
-1.208857608981657172e-01,4.128691531524026903e-01,-4.492436304510267209e-01
9.687355717729853044e-01,-4.518551550788850735e-01,-1.577123364445176978e+00
2.681816148670196354e-02,5.600075232543517689e-01,-2.125809466995685071e+00
1.116439494157853041e+00,-3.047167849769359949e-01,-3.253689200989835051e+00
-1.296139727442263911e+00,1.206741800845297696e+00,-1.176496006214152290e+00
-2.065183947711128898e-01,3.420174926140099325e-01,-2.304375740208302492e+00
-1.148435805057396175e+00,1.353880170947246775e+00,-2.853061842758810585e+00
-5.881447238624515350e-02,4.891558627159590111e-01,-3.980941576752960565e+00
1.382744498093194885e+00,4.128691531524026903e-01,-4.492436304510267209e-01
2.472365830764346128e+00,-4.518551550788850735e-01,-1.577123364445176978e+00
1.530448420478062621e+00,5.600075232543517689e-01,-2.125809466995685071e+00
2.620069753149213643e+00,-3.047167849769359949e-01,-3.253689200989835051e+00
2.074905315490966906e-01,1.206741800845297696e+00,-1.176496006214152290e+00
1.297111864220247712e+00,3.420174926140099325e-01,-2.304375740208302492e+00
3.551944539339643714e-01,1.353880170947246775e+00,-2.853061842758810585e+00
1.444815786605115449e+00,4.891558627159590111e-01,-3.980941576752960565e+00
7.681400435544549765e-01,-6.095965156620538616e-01,-7.951107068274745338e-01
1.857761376225605998e+00,-1.474320823893341625e+00,-1.922990440821624736e+00
9.158439659393227128e-01,-4.624581455601047830e-01,-2.471676543372132606e+00
2.005465298610473734e+00,-1.327182453791392547e+00,-3.599556277366282586e+00
-4.071139229896432177e-01,1.842761320308410333e-01,-1.522363082590600047e+00
6.825074096815078040e-01,-6.804481762004467305e-01,-2.650242816584750472e+00
-2.594100006047755369e-01,3.314145021327901119e-01,-3.198928919135258120e+00
8.302113320663755403e-01,-5.333098060984976518e-01,-4.326808653129408100e+00
2.271770302545815579e+00,-6.095965156620538616e-01,-7.951107068274745338e-01
3.361391635216966378e+00,-1.474320823893341625e+00,-1.922990440821624736e+00
2.419474224930683093e+00,-4.624581455601047830e-01,-2.471676543372132606e+00
3.509095557601834336e+00,-1.327182453791392547e+00,-3.599556277366282586e+00
1.096516336001717384e+00,1.842761320308410333e-01,-1.522363082590600047e+00
2.186137668672868628e+00,-6.804481762004467305e-01,-2.650242816584750472e+00
1.244220258386585121e+00,3.314145021327901119e-01,-3.198928919135258120e+00
2.333841591057736142e+00,-5.333098060984976518e-01,-4.326808653129408100e+00
1.965023055313037892e+00,3.280417246065669978e-02,-1.203753440641162520e+00
3.054644387984188914e+00,-8.319201357706310640e-01,-2.331633174635312500e+00
2.112726977697905628e+00,1.799425425626057506e-01,-2.880319277185821036e+00
3.202348310369056428e+00,-6.847817656686819854e-01,-4.008199011179971016e+00
7.897690887689396977e-01,8.266768201535515947e-01,-1.931005816404288034e+00
1.879390421440090719e+00,-3.804748807773616903e-02,-3.058885550398438014e+00
9.374730111538074340e-01,9.738151902555006734e-01,-3.607571652948946550e+00
2.027094343824958678e+00,1.090908820242129096e-01,-4.735451386943096530e+00
3.468653314304398272e+00,3.280417246065669978e-02,-1.203753440641162520e+00
4.558274646975549516e+00,-8.319201357706310640e-01,-2.331633174635312500e+00
3.616357236689265786e+00,1.799425425626057506e-01,-2.880319277185821036e+00
4.705978569360416586e+00,-6.847817656686819854e-01,-4.008199011179971016e+00
2.293399347760300078e+00,8.266768201535515947e-01,-1.931005816404288034e+00
3.383020680431450877e+00,-3.804748807773616903e-02,-3.058885550398438014e+00
2.441103270145167592e+00,9.738151902555006734e-01,-3.607571652948946550e+00
3.530724602816318836e+00,1.090908820242129096e-01,-4.735451386943096530e+00
-5.496287291022936561e-01,-8.391280506323617328e-01,-8.357116034648133240e-01
5.399926035688573656e-01,-1.703852358863649386e+00,-1.963591337458963526e+00
-4.019248067174259753e-01,-6.919896805304126541e-01,-2.512277440009471619e+00
6.876965259537251018e-01,-1.556713988761700307e+00,-3.640157174003621599e+00
-1.724882695646391850e+00,-4.525540293946683779e-02,-1.562963979227939060e+00
-6.352613629752408286e-01,-9.099797111707546016e-01,-2.690843713222089484e+00
-1.577178773261524114e+00,1.018829671624822131e-01,-3.239529815772597132e+00
-4.875574405903730923e-01,-7.628413410688055230e-01,-4.367409549766747112e+00
9.540015298890669460e-01,-8.391280506323617328e-01,-8.357116034648133240e-01
2.043622862560217968e+00,-1.703852358863649386e+00,-1.963591337458963526e+00
1.101705452273934682e+00,-6.919896805304126541e-01,-2.512277440009471619e+00
2.191326784945085926e+00,-1.556713988761700307e+00,-3.640157174003621599e+00
-2.212524366550312482e-01,-4.525540293946683779e-02,-1.562963979227939060e+00
8.683688960161197734e-01,-9.099797111707546016e-01,-2.690843713222089484e+00
-7.354851427016356746e-02,1.018829671624822131e-01,-3.239529815772597132e+00
1.016072818400987510e+00,-7.628413410688055230e-01,-4.367409549766747112e+00
6.472542826562892593e-01,-1.967273625096511713e-01,-1.244354337278501088e+00
1.736875615327440281e+00,-1.061451670740938935e+00,-2.372234071272651512e+00
7.949582050411569956e-01,-4.958899240770212047e-02,-2.920920173823159161e+00
1.884579537712308017e+00,-9.143133006389898565e-01,-4.048799907817309141e+00
-5.279996838878089349e-01,5.971452851832437236e-01,-1.971606713041626602e+00
5.616216487833420867e-01,-2.675790230480440401e-01,-3.099486447035777026e+00
-3.802957615029412541e-01,7.442836552851928023e-01,-3.648172549586284674e+00
7.093255711682098230e-01,-1.204406529460949615e-01,-4.776052283580434654e+00
2.150884541647649861e+00,-1.967273625096511713e-01,-1.244354337278501088e+00
3.240505874318801105e+00,-1.061451670740938935e+00,-2.372234071272651512e+00
2.298588464032517376e+00,-4.958899240770212047e-02,-2.920920173823159161e+00
3.388209796703668175e+00,-9.143133006389898565e-01,-4.048799907817309141e+00
9.756305751035516671e-01,5.971452851832437236e-01,-1.971606713041626602e+00
2.065251907774702467e+00,-2.675790230480440401e-01,-3.099486447035777026e+00
1.123334497488419403e+00,7.442836552851928023e-01,-3.648172549586284674e+00
2.212955830159570425e+00,-1.204406529460949615e-01,-4.776052283580434654e+00
1.041254369494963444e-01,1.037267449064831204e-01,-1.181912758213220505e+00
1.193746769620647408e+00,-7.609975633248046156e-01,-2.309792492207370707e+00
2.518293593343640113e-01,2.508651150084321713e-01,-2.858478594757878799e+00
1.341450692005515144e+00,-6.138591932228556480e-01,-3.986358328752029223e+00
-1.071128529594601808e+00,8.975993925993780431e-01,-1.909165133976346240e+00
1.849280307654921351e-02,3.287508436809027934e-02,-3.037044867970496220e+00
-9.234246072097340718e-01,1.044737762701327011e+00,-3.585730970521004757e+00
1.661967254614169498e-01,1.800134544700392469e-01,-4.713610704515154737e+00
1.607755695940856988e+00,1.037267449064831204e-01,-1.181912758213220505e+00
2.697377028612008232e+00,-7.609975633248046156e-01,-2.309792492207370707e+00
1.755459618325724724e+00,2.508651150084321713e-01,-2.858478594757878799e+00
2.845080950996875746e+00,-6.138591932228556480e-01,-3.986358328752029223e+00
4.325017293967587939e-01,8.975993925993780431e-01,-1.909165133976346240e+00
1.522123062067909816e+00,3.287508436809027934e-02,-3.037044867970496220e+00
5.802056517816265302e-01,1.044737762701327011e+00,-3.585730970521004757e+00
1.669826984452777552e+00,1.800134544700392469e-01,-4.713610704515154737e+00
1.301008448708079301e+00,7.461274330291937096e-01,-1.590555492026908269e+00
2.390629781379230323e+00,-1.185968752020940542e-01,-2.718435226021058249e+00
1.448712371092947038e+00,8.932658031311427882e-01,-3.267121328571566785e+00
2.538333703764098281e+00,2.854149489985502441e-02,-4.395001062565716765e+00
1.257544821639811072e-01,1.540000080722088605e+00,-2.317807867790033782e+00
1.215375814835132129e+00,6.752757724908008408e-01,-3.445687601784183762e+00
2.734584045488487880e-01,1.687138450824037683e+00,-3.994373704334692299e+00
1.363079737219999865e+00,8.224141425927499194e-01,-5.122253438328842279e+00
2.804638707699440126e+00,7.461274330291937096e-01,-1.590555492026908269e+00
3.894260040370591369e+00,-1.185968752020940542e-01,-2.718435226021058249e+00
2.952342630084307640e+00,8.932658031311427882e-01,-3.267121328571566785e+00
4.041963962755458439e+00,2.854149489985502441e-02,-4.395001062565716765e+00
1.629384741155341931e+00,1.540000080722088605e+00,-2.317807867790033782e+00
2.719006073826492731e+00,6.752757724908008408e-01,-3.445687601784183762e+00
1.777088663540209668e+00,1.687138450824037683e+00,-3.994373704334692299e+00
2.866709996211360689e+00,8.224141425927499194e-01,-5.122253438328842279e+00
-1.213643335707252247e+00,-1.258047900638247507e-01,-1.222513654850559295e+00
-1.240220030361012249e-01,-9.905290982951124867e-01,-2.350393388844709719e+00
-1.065939413322384510e+00,2.133358003812430015e-02,-2.899079491395217367e+00
2.368191934876651139e-02,-8.433907281931634081e-01,-4.026959225389367347e+00
-2.388897302251350219e+00,6.680678576290701720e-01,-1.949766030613684809e+00
-1.299275969580199197e+00,-1.966564506022175918e-01,-3.077645764607835233e+00
-2.241193379866482704e+00,8.152062277310192506e-01,-3.626331867158342881e+00
-1.151572047195331683e+00,-4.951808050026851316e-02,-4.754211601152492861e+00
2.899869232841083555e-01,-1.258047900638247507e-01,-1.222513654850559295e+00
1.379608255955259377e+00,-9.905290982951124867e-01,-2.350393388844709719e+00
4.376908456689760363e-01,2.133358003812430015e-02,-2.899079491395217367e+00
1.527312178340127113e+00,-8.433907281931634081e-01,-4.026959225389367347e+00
-8.852670432599898387e-01,6.680678576290701720e-01,-1.949766030613684809e+00
2.043542894111611830e-01,-1.966564506022175918e-01,-3.077645764607835233e+00
-7.375631208751221024e-01,8.152062277310192506e-01,-3.626331867158342881e+00
3.520582117960289192e-01,-4.951808050026851316e-02,-4.754211601152492861e+00
-1.676032394866933117e-02,5.165958980588858385e-01,-1.631156388664247281e+00
1.072861008722481690e+00,-3.481284101724019253e-01,-2.759036122658397261e+00
1.309435984361983496e-01,6.637342681608349171e-01,-3.307722225208905797e+00
1.220564931107349427e+00,-2.009900400704528467e-01,-4.435601959203055777e+00
-1.192014290492767525e+00,1.310468545751780844e+00,-2.358408764427372795e+00
-1.023929578216165037e-01,4.457442375204930807e-01,-3.486288498421522775e+00
-1.044310368107899789e+00,1.457606915853729923e+00,-4.034974600972031311e+00
4.531096456325123256e-02,5.928826076224421593e-01,-5.162854334966181291e+00
1.486869935042691271e+00,5.165958980588858385e-01,-1.631156388664247281e+00
2.576491267713842070e+00,-3.481284101724019253e-01,-2.759036122658397261e+00
1.634573857427559007e+00,6.637342681608349171e-01,-3.307722225208905797e+00
2.724195190098710029e+00,-2.009900400704528467e-01,-4.435601959203055777e+00
3.116159684985930767e-01,1.310468545751780844e+00,-2.358408764427372795e+00
1.401237301169744098e+00,4.457442375204930807e-01,-3.486288498421522775e+00
4.593198908834607574e-01,1.457606915853729923e+00,-4.034974600972031311e+00
1.548941223554611835e+00,5.928826076224421593e-01,-5.162854334966181291e+00
8.722654805039513626e-01,-5.058697707555707135e-01,-1.977023465040695038e+00
1.961886813175102384e+00,-1.370594078986858477e+00,-3.104903199034845240e+00
1.019969402888819099e+00,-3.587314006536216349e-01,-3.653589301585353333e+00
2.109590735559970121e+00,-1.223455708884909399e+00,-4.781469035579503313e+00
-3.029884860401468316e-01,2.880028769373241815e-01,-2.704275840803820774e+00
7.866328466310041900e-01,-5.767214312939635823e-01,-3.832155574797971198e+00
-1.552845636552791508e-01,4.351412470392732601e-01,-4.380841677348478846e+00
9.343367690158719263e-01,-4.295830611920145037e-01,-5.508721411342628826e+00
2.375895739495311965e+00,-5.058697707555707135e-01,-1.977023465040695038e+00
3.465517072166463208e+00,-1.370594078986858477e+00,-3.104903199034845240e+00
2.523599661880179479e+00,-3.587314006536216349e-01,-3.653589301585353333e+00
3.613220994551330278e+00,-1.223455708884909399e+00,-4.781469035579503313e+00
1.200641772951213770e+00,2.880028769373241815e-01,-2.704275840803820774e+00
2.290263105622364570e+00,-5.767214312939635823e-01,-3.832155574797971198e+00
1.348345695336081507e+00,4.351412470392732601e-01,-4.380841677348478846e+00
2.437967028007232528e+00,-4.295830611920145037e-01,-5.508721411342628826e+00
2.069148492262534056e+00,1.365309173671398479e-01,-2.385666198854382802e+00
3.158769824933685300e+00,-7.281933908641479158e-01,-3.513545932848533226e+00
2.216852414647401570e+00,2.836692874690889266e-01,-4.062232035399040875e+00
3.306473747318552370e+00,-5.810550207621988372e-01,-5.190111769393190855e+00
8.938945257184358617e-01,9.304035650600347429e-01,-3.112918574617508316e+00
1.983515858389586883e+00,6.567925682874697912e-02,-4.240798308611658740e+00
1.041598448103303598e+00,1.077541935161983711e+00,-4.789484411162166388e+00
2.131219780774454620e+00,2.128176269306959467e-01,-5.917364145156316368e+00
3.572778751253894658e+00,1.365309173671398479e-01,-2.385666198854382802e+00
4.662400083925045458e+00,-7.281933908641479158e-01,-3.513545932848533226e+00
3.720482673638762172e+00,2.836692874690889266e-01,-4.062232035399040875e+00
4.810104006309913416e+00,-5.810550207621988372e-01,-5.190111769393190855e+00
2.397524784709796464e+00,9.304035650600347429e-01,-3.112918574617508316e+00
3.487146117380947707e+00,6.567925682874697912e-02,-4.240798308611658740e+00
2.545228707094663978e+00,1.077541935161983711e+00,-4.789484411162166388e+00
3.634850039765814778e+00,2.128176269306959467e-01,-5.917364145156316368e+00
-4.455032921527972700e-01,-7.354013057258785846e-01,-2.017624361678033829e+00
6.441180405183537516e-01,-1.600125613957166237e+00,-3.145504095672183809e+00
-2.977993697679295892e-01,-5.882629356239295060e-01,-3.694190198222692345e+00
7.918219629032214879e-01,-1.452987243855217159e+00,-4.822069932216842325e+00
-1.620757258696895464e+00,5.847134196701631037e-02,-2.744876737441159342e+00
-5.311359260257444426e-01,-8.062529662642714534e-01,-3.872756471435309322e+00
-1.473053336312027728e+00,2.056097120689653612e-01,-4.421442573985817859e+00
-3.834320036408767063e-01,-6.591145961623223748e-01,-5.549322307979967839e+00
1.058126966838563332e+00,-7.354013057258785846e-01,-2.017624361678033829e+00
2.147748299509714354e+00,-1.600125613957166237e+00,-3.145504095672183809e+00
1.205830889223431068e+00,-5.882629356239295060e-01,-3.694190198222692345e+00
2.295452221894581868e+00,-1.452987243855217159e+00,-4.822069932216842325e+00
-1.171269997055348622e-01,5.847134196701631037e-02,-2.744876737441159342e+00
9.724943329656161595e-01,-8.062529662642714534e-01,-3.872756471435309322e+00
3.057692267933281860e-02,2.056097120689653612e-01,-4.421442573985817859e+00
1.120198255350483896e+00,-6.591145961623223748e-01,-5.549322307979967839e+00
7.513797196057856453e-01,-9.300061760316802317e-02,-2.426267095491721815e+00
1.841001052276936667e+00,-9.577249258344557870e-01,-3.554146829485872239e+00
8.990836419906533816e-01,5.413775249878102769e-02,-4.102832932036379887e+00
1.988704974661804403e+00,-8.105865557325067083e-01,-5.230712666030529867e+00
-4.238742469383125488e-01,7.008720300897268718e-01,-3.153519471254847328e+00
6.657470857328384728e-01,-1.638522781415608920e-01,-4.281399205248997752e+00
-2.761703245534448681e-01,8.480104001916759504e-01,-4.830085307799505401e+00
8.134510081177062091e-01,-1.671390803961181337e-02,-5.957965041793655381e+00
2.255009978597146247e+00,-9.300061760316802317e-02,-2.426267095491721815e+00
3.344631311268297047e+00,-9.577249258344557870e-01,-3.554146829485872239e+00
2.402713900982013762e+00,5.413775249878102769e-02,-4.102832932036379887e+00
3.492335233653165005e+00,-8.105865557325067083e-01,-5.230712666030529867e+00
1.079756012053048053e+00,7.008720300897268718e-01,-3.153519471254847328e+00
2.169377344724199297e+00,-1.638522781415608920e-01,-4.281399205248997752e+00
1.227459934437915789e+00,8.480104001916759504e-01,-4.830085307799505401e+00
2.317081267109066811e+00,-1.671390803961181337e-02,-5.957965041793655381e+00
-8.285076714088007721e-01,5.596488907578599514e-01,-5.126842278540116871e-01
2.611136612623502495e-01,-3.050754174734278124e-01,-1.640563961848161778e+00
-6.808037490239331468e-01,7.067872608598090300e-01,-2.189250064398669871e+00
4.088175836472178748e-01,-1.579370473714787337e-01,-3.317129798392819851e+00
-2.003761637952898855e+00,1.353521538450754846e+00,-1.239936603617137312e+00
-9.141403052817478336e-01,4.887972302194670826e-01,-2.367816337611287736e+00
-1.856057715568031119e+00,1.500659908552703925e+00,-2.916502440161795384e+00
-7.664363828968800973e-01,6.359356003214161612e-01,-4.044382174155945364e+00
6.751225875825598299e-01,5.596488907578599514e-01,-5.126842278540116871e-01
1.764743920253710741e+00,-3.050754174734278124e-01,-1.640563961848161778e+00
8.228265099674274552e-01,7.067872608598090300e-01,-2.189250064398669871e+00
1.912447842638578477e+00,-1.579370473714787337e-01,-3.317129798392819851e+00
-5.001313789615383643e-01,1.353521538450754846e+00,-1.239936603617137312e+00
5.894899537096126574e-01,4.887972302194670826e-01,-2.367816337611287736e+00
-3.524274565766706835e-01,1.500659908552703925e+00,-2.916502440161795384e+00
7.371938760944802826e-01,6.359356003214161612e-01,-4.044382174155945364e+00
3.683753403497821433e-01,1.202049578880570513e+00,-9.213269616676995621e-01
1.457996673020933276e+00,3.373252706492827491e-01,-2.049206695661849764e+00
5.160792627346497685e-01,1.349187948982519591e+00,-2.597892798212357857e+00
1.605700595405800790e+00,4.844636407512318277e-01,-3.725772532206508281e+00
-8.068786261943160509e-01,1.995922226573465519e+00,-1.648579337430825298e+00
2.827427064768349707e-01,1.131197918342177644e+00,-2.776459071424975278e+00
-6.591747038094484257e-01,2.143060596675414597e+00,-3.325145173975483814e+00
4.304466288617025960e-01,1.278336288444126723e+00,-4.453024907969633794e+00
1.872005599341142634e+00,1.202049578880570513e+00,-9.213269616676995621e-01
2.961626932012293878e+00,3.373252706492827491e-01,-2.049206695661849764e+00
2.019709521726010149e+00,1.349187948982519591e+00,-2.597892798212357857e+00
3.109330854397160948e+00,4.844636407512318277e-01,-3.725772532206508281e+00
6.967516327970444401e-01,1.995922226573465519e+00,-1.648579337430825298e+00
1.786372965468195462e+00,1.131197918342177644e+00,-2.776459071424975278e+00
8.444555551819121764e-01,2.143060596675414597e+00,-3.325145173975483814e+00
1.934076887853063198e+00,1.278336288444126723e+00,-4.453024907969633794e+00
-2.146276444065549516e+00,3.301173557875520803e-01,-5.532851244913504773e-01
-1.056655111394398494e+00,-5.346069524437356835e-01,-1.681164858485500790e+00
-1.998572521680681779e+00,4.772557258895011589e-01,-2.229850961036008883e+00
-9.089511890095307578e-01,-3.874685823417866049e-01,-3.357730695030158863e+00
-3.321530410609647710e+00,1.123990003480447086e+00,-1.280537500254476102e+00
-2.231909077938496466e+00,2.592656952491593225e-01,-2.408417234248626304e+00
-3.173826488224780196e+00,1.271128373582396165e+00,-2.957103336799134397e+00
-2.084205155553629396e+00,4.064040653511084011e-01,-4.084983070793284377e+00
-6.426461850741889137e-01,3.301173557875520803e-01,-5.532851244913504773e-01
4.469751475969621080e-01,-5.346069524437356835e-01,-1.681164858485500790e+00
-4.949422626893212329e-01,4.772557258895011589e-01,-2.229850961036008883e+00
5.946790699818298442e-01,-3.874685823417866049e-01,-3.357730695030158863e+00
-1.817900151618287108e+00,1.123990003480447086e+00,-1.280537500254476102e+00
-7.282788189471360862e-01,2.592656952491593225e-01,-2.408417234248626304e+00
-1.670196229233419372e+00,1.271128373582396165e+00,-2.957103336799134397e+00
-5.805748965622683500e-01,4.064040653511084011e-01,-4.084983070793284377e+00
-9.493934323069666004e-01,9.725180439102626417e-01,-9.619278583050383524e-01
1.402279003641844213e-01,1.077937356789748780e-01,-2.089807592299188777e+00
-8.016895099220988641e-01,1.119656414012211609e+00,-2.638493694849696425e+00
2.879318227490521576e-01,2.549321057809238456e-01,-3.766373428843846405e+00
-2.124647398851064573e+00,1.766390691603157537e+00,-1.689180234068163866e+00
-1.035026066179913551e+00,9.016663833718697729e-01,-2.817059968062314290e+00
-1.976943476466196836e+00,1.913529061705106615e+00,-3.365746070612821939e+00
-8.873221437950458146e-01,1.048804753473818963e+00,-4.493625804606971919e+00
5.542368266843940017e-01,9.725180439102626417e-01,-9.619278583050383524e-01
1.643858159355545023e+00,1.077937356789748780e-01,-2.089807592299188777e+00
7.019407490692617380e-01,1.119656414012211609e+00,-2.638493694849696425e+00
1.791562081740412760e+00,2.549321057809238456e-01,-3.766373428843846405e+00
-6.210171398597041925e-01,1.766390691603157537e+00,-1.689180234068163866e+00
4.686041928114468291e-01,9.016663833718697729e-01,-2.817059968062314290e+00
-4.733132174748365117e-01,1.913529061705106615e+00,-3.365746070612821939e+00
6.163081151963145654e-01,1.048804753473818963e+00,-4.493625804606971919e+00
-6.036762785434579559e-02,-4.994762490419391021e-02,-1.307794934681486332e+00
1.029253704816805115e+00,-9.146719331354816740e-01,-2.435674668675636312e+00
8.733629453052188518e-02,9.719074519775514065e-02,-2.984360771226144848e+00
1.176957627201672851e+00,-7.675335630335325954e-01,-4.112240505220294828e+00
-1.235621594398443879e+00,7.439250227887009848e-01,-2.035047310444611846e+00
-1.460002617272928571e-01,-1.207992854425867790e-01,-3.162927044438761826e+00
-1.087917672013576142e+00,8.910633928906500634e-01,-3.711613146989270362e+00
1.703660657574879167e-03,2.633908465936229959e-02,-4.839492880983420342e+00
1.443262631137014917e+00,-4.994762490419391021e-02,-1.307794934681486332e+00
2.532883963808165717e+00,-9.146719331354816740e-01,-2.435674668675636312e+00
1.590966553521882654e+00,9.719074519775514065e-02,-2.984360771226144848e+00
2.680587886193033675e+00,-7.675335630335325954e-01,-4.112240505220294828e+00
2.680086645929167233e-01,7.439250227887009848e-01,-2.035047310444611846e+00
1.357629997264067745e+00,-1.207992854425867790e-01,-3.162927044438761826e+00
4.157125869777844041e-01,8.910633928906500634e-01,-3.711613146989270362e+00
1.505333919648935481e+00,2.633908465936229959e-02,-4.839492880983420342e+00
1.136515383904237009e+00,5.924530632185166512e-01,-1.716437668495174318e+00
2.226136716575387808e+00,-2.722712450127711126e-01,-2.844317402489324742e+00
1.284219306289104745e+00,7.395914333204657298e-01,-3.393003505039832390e+00
2.373840638960255767e+00,-1.251328749108220340e-01,-4.520883239033982370e+00
-3.873858263986118544e-02,1.386325710911411546e+00,-2.443690044258299832e+00
1.050882750031289836e+00,5.216014026801237824e-01,-3.571569778252450256e+00
1.089653397450064953e-01,1.533464081013360625e+00,-4.120255880802957904e+00
1.198586672416157572e+00,6.687397727820728610e-01,-5.248135614797107884e+00
2.640145642895597611e+00,5.924530632185166512e-01,-1.716437668495174318e+00
3.729766975566748854e+00,-2.722712450127711126e-01,-2.844317402489324742e+00
2.787849565280465125e+00,7.395914333204657298e-01,-3.393003505039832390e+00
3.877470897951615925e+00,-1.251328749108220340e-01,-4.520883239033982370e+00
1.464891676351499417e+00,1.386325710911411546e+00,-2.443690044258299832e+00
2.554513009022650216e+00,5.216014026801237824e-01,-3.571569778252450256e+00
1.612595598736367153e+00,1.533464081013360625e+00,-4.120255880802957904e+00
2.702216931407518175e+00,6.687397727820728610e-01,-5.248135614797107884e+00
-1.378136400511094539e+00,-2.794791598745017813e-01,-1.348395831318825122e+00
-2.885150678399435176e-01,-1.144203468105789545e+00,-2.476275565312975324e+00
-1.230432478126226803e+00,-1.323407897725527305e-01,-3.024961667863483417e+00
-1.408111454550757813e-01,-9.970650980038404665e-01,-4.152841401857633841e+00
-2.553390367055192733e+00,5.143934878183931136e-01,-2.075648207081950858e+00
-1.463769034384041712e+00,-3.503308204128946501e-01,-3.203527941076100838e+00
-2.405686444670325219e+00,6.615318579203421923e-01,-3.752214043626609374e+00
-1.316065111999174198e+00,-2.031924503109455715e-01,-4.880093777620759354e+00
1.254938584802660628e-01,-2.794791598745017813e-01,-1.348395831318825122e+00
1.215115191151417084e+00,-1.144203468105789545e+00,-2.476275565312975324e+00
2.731977808651337436e-01,-1.323407897725527305e-01,-3.024961667863483417e+00
1.362819113536284821e+00,-9.970650980038404665e-01,-4.152841401857633841e+00
-1.049760108063832131e+00,5.143934878183931136e-01,-2.075648207081950858e+00
3.986122460731889028e-02,-3.503308204128946501e-01,-3.203527941076100838e+00
-9.020561856789643951e-01,6.615318579203421923e-01,-3.752214043626609374e+00
1.875651469921866266e-01,-2.031924503109455715e-01,-4.880093777620759354e+00
-1.812533887525116238e-01,3.629215282482087801e-01,-1.757038565132512886e+00
9.083679439186393978e-01,-5.018027799830789837e-01,-2.884918299126662866e+00
-3.354946636764394308e-02,5.100598983501578587e-01,-3.433604401677171403e+00
1.056071866303507134e+00,-3.546644098811299051e-01,-4.561484135671321383e+00
-1.356507355296609818e+00,1.156794175941103564e+00,-2.484290940895638400e+00
-2.668860226254587964e-01,2.920698677098158003e-01,-3.612170674889788380e+00
-1.208803432911742082e+00,1.303932546043052643e+00,-4.160856777440296916e+00
-1.191821002405910601e-01,4.392082378117648789e-01,-5.288736511434446896e+00
1.322376870238848978e+00,3.629215282482087801e-01,-1.757038565132512886e+00
2.411998202910000000e+00,-5.018027799830789837e-01,-2.884918299126662866e+00
1.470080792623716714e+00,5.100598983501578587e-01,-3.433604401677171403e+00
2.559702125294867514e+00,-3.546644098811299051e-01,-4.561484135671321383e+00
1.471229036947507840e-01,1.156794175941103564e+00,-2.484290940895638400e+00
1.236744236365901806e+00,2.920698677098158003e-01,-3.612170674889788380e+00
2.948268260796184648e-01,1.303932546043052643e+00,-4.160856777440296916e+00
1.384448158750769542e+00,4.392082378117648789e-01,-5.288736511434446896e+00
-7.243822344593043860e-01,6.633756356643430996e-01,-1.694596986067232081e+00
3.652390982118466356e-01,-2.013486725669446642e-01,-2.822476720061382061e+00
-5.766783120744367608e-01,8.105140057662921782e-01,-3.371162822611890597e+00
5.129430205967142609e-01,-5.421030246499558558e-02,-4.499042556606040577e+00
-1.899636201003402469e+00,1.457248283357237995e+00,-2.421849361830357594e+00
-8.100148683322514476e-01,5.925239751259502308e-01,-3.549729095824507574e+00
-1.751932278618534733e+00,1.604386653459187073e+00,-4.098415198375016111e+00
-6.623109459473837113e-01,7.396623452278993094e-01,-5.226294932369166091e+00
7.792480245320562160e-01,6.633756356643430996e-01,-1.694596986067232081e+00
1.868869357203207127e+00,-2.013486725669446642e-01,-2.822476720061382061e+00
9.269519469169238413e-01,8.105140057662921782e-01,-3.371162822611890597e+00
2.016573279588074641e+00,-5.421030246499558558e-02,-4.499042556606040577e+00
-3.960059420120419782e-01,1.457248283357237995e+00,-2.421849361830357594e+00
6.936153906591090434e-01,5.925239751259502308e-01,-3.549729095824507574e+00
-2.483020196271742974e-01,1.604386653459187073e+00,-4.098415198375016111e+00
8.413193130439766687e-01,7.396623452278993094e-01,-5.226294932369166091e+00
4.725007772992785293e-01,1.305776323787053661e+00,-2.103239719880920067e+00
1.562122109970429662e+00,4.410520155557658972e-01,-3.231119453875070491e+00
6.202046996841461546e-01,1.452914693889002740e+00,-3.779805556425578139e+00
1.709826032355297176e+00,5.881903856577149758e-01,-4.907685290419728119e+00
-7.027531892448196649e-01,2.099648971479948667e+00,-2.830492095644045580e+00
3.868681434263313568e-01,1.234924663248660792e+00,-3.958371829638196004e+00
-5.550492668599520396e-01,2.246787341581897746e+00,-4.507057932188703653e+00
5.345720658111989820e-01,1.382063033350609871e+00,-5.634937666182853633e+00
1.976131036290639020e+00,1.305776323787053661e+00,-2.103239719880920067e+00
3.065752368961789820e+00,4.410520155557658972e-01,-3.231119453875070491e+00
2.123834958675506535e+00,1.452914693889002740e+00,-3.779805556425578139e+00
3.213456291346657778e+00,5.881903856577149758e-01,-4.907685290419728119e+00
8.008770697465408261e-01,2.099648971479948667e+00,-2.830492095644045580e+00
1.890498402417691848e+00,1.234924663248660792e+00,-3.958371829638196004e+00
9.485809921314085624e-01,2.246787341581897746e+00,-4.507057932188703653e+00
2.038202324802559584e+00,1.382063033350609871e+00,-5.634937666182853633e+00
-2.042151007116053130e+00,4.338441006940352285e-01,-1.735197882704570871e+00
-9.525296744449021080e-01,-4.308802075372525353e-01,-2.863077616698721073e+00
-1.894447084731185393e+00,5.809824707959843071e-01,-3.411763719249229165e+00
-8.048257520600343717e-01,-2.837418374353034567e-01,-4.539643453243379589e+00
-3.217404973660151324e+00,1.227716748386930234e+00,-2.462450258467696607e+00
-2.127783640989000524e+00,3.629924401556424707e-01,-3.590329992461846587e+00
-3.069701051275283810e+00,1.374855118488879313e+00,-4.139016095012355123e+00
-1.980079718604132788e+00,5.101308102575915493e-01,-5.266895829006505103e+00
-5.385207481246925276e-01,4.338441006940352285e-01,-1.735197882704570871e+00
5.511005845464584940e-01,-4.308802075372525353e-01,-2.863077616698721073e+00
-3.908168257398248469e-01,5.809824707959843071e-01,-3.411763719249229165e+00
6.988045069313262303e-01,-2.837418374353034567e-01,-4.539643453243379589e+00
-1.713774714668790722e+00,1.227716748386930234e+00,-2.462450258467696607e+00
-6.241533819976397002e-01,3.629924401556424707e-01,-3.590329992461846587e+00
-1.566070792283922986e+00,1.374855118488879313e+00,-4.139016095012355123e+00
-4.764494596127719639e-01,5.101308102575915493e-01,-5.266895829006505103e+00
-8.452679953574702143e-01,1.076244788816745679e+00,-2.143840616518258635e+00
2.443533373136808073e-01,2.115204805854579151e-01,-3.271720350512408615e+00
-6.975640729726024780e-01,1.223383158918694757e+00,-3.820406453062917151e+00
3.920572596985485436e-01,3.586588506874069937e-01,-4.948286187057067131e+00
-2.020521961901568631e+00,1.870117436509640463e+00,-2.871092992281384149e+00
-9.309006292304176089e-01,1.005393128278352588e+00,-3.998972726275534129e+00
-1.872818039516700894e+00,2.017255806611589541e+00,-4.547658828826042665e+00
-7.831967068455498726e-01,1.152531498380301667e+00,-5.675538562820192645e+00
6.583622636338903877e-01,1.076244788816745679e+00,-2.143840616518258635e+00
1.747983596305041409e+00,2.115204805854579151e-01,-3.271720350512408615e+00
8.060661860187581240e-01,1.223383158918694757e+00,-3.820406453062917151e+00
1.895687518689909146e+00,3.586588506874069937e-01,-4.948286187057067131e+00
-5.168917029102078065e-01,1.870117436509640463e+00,-2.871092992281384149e+00
5.727296297609432152e-01,1.005393128278352588e+00,-3.998972726275534129e+00
-3.691877805253401257e-01,2.017255806611589541e+00,-4.547658828826042665e+00
7.204335521458109515e-01,1.152531498380301667e+00,-5.675538562820192645e+00
4.375780909515059047e-02,5.377912000228923795e-02,-2.489707692894706614e+00
1.133379141766301501e+00,-8.109451882289985258e-01,-3.617587426888857038e+00
1.914617314800182712e-01,2.009174901042382888e-01,-4.166273529439364687e+00
1.281083064151169237e+00,-6.638068181270494472e-01,-5.294153263433514667e+00
-1.131496157448947493e+00,8.476517676951841329e-01,-3.216960068657832128e+00
-4.187482477779647105e-02,-1.707254053610363087e-02,-4.344839802651982552e+00
-9.837922350640797564e-01,9.947901377971332115e-01,-4.893525905202490200e+00
1.058290976070712652e-01,1.300658295658454477e-01,-6.021405639196640180e+00
1.547388068086511304e+00,5.377912000228923795e-02,-2.489707692894706614e+00
2.637009400757662547e+00,-8.109451882289985258e-01,-3.617587426888857038e+00
1.695091990471379040e+00,2.009174901042382888e-01,-4.166273529439364687e+00
2.784713323142530061e+00,-6.638068181270494472e-01,-5.294153263433514667e+00
3.721341015424131093e-01,8.476517676951841329e-01,-3.216960068657832128e+00
1.461755434213564131e+00,-1.707254053610363087e-02,-4.344839802651982552e+00
5.198380239272808456e-01,9.947901377971332115e-01,-4.893525905202490200e+00
1.609459356598431867e+00,1.300658295658454477e-01,-6.021405639196640180e+00
1.240640820853733395e+00,6.961798081249997994e-01,-2.898350426708394600e+00
2.330262153524884639e+00,-1.685445001062879644e-01,-4.026230160702544580e+00
1.388344743238601131e+00,8.433181782269488780e-01,-4.574916263253053117e+00
2.477966075909752153e+00,-2.140613000433888580e-02,-5.702795997247203097e+00
6.538685430963520062e-02,1.490052455817894694e+00,-3.625602802471520114e+00
1.155008186980786222e+00,6.253281475866069306e-01,-4.753482536465670094e+00
2.130907766945028814e-01,1.637190825919843773e+00,-5.302168639016178631e+00
1.302712109365653959e+00,7.724665176885560092e-01,-6.430048373010328611e+00
2.744271079845093997e+00,6.961798081249997994e-01,-2.898350426708394600e+00
3.833892412516244796e+00,-1.685445001062879644e-01,-4.026230160702544580e+00
2.891975002229961511e+00,8.433181782269488780e-01,-4.574916263253053117e+00
3.981596334901112755e+00,-2.140613000433888580e-02,-5.702795997247203097e+00
1.569017113300995803e+00,1.490052455817894694e+00,-3.625602802471520114e+00
2.658638445972147046e+00,6.253281475866069306e-01,-4.753482536465670094e+00
1.716721035685863539e+00,1.637190825919843773e+00,-5.302168639016178631e+00
2.806342368357014561e+00,7.724665176885560092e-01,-6.430048373010328611e+00
-1.274010963561598153e+00,-1.757524149680186332e-01,-2.530308589532045627e+00
-1.843896308904471315e-01,-1.040476723199306397e+00,-3.658188323526196051e+00
-1.126307041176730417e+00,-2.861404486606958231e-02,-4.206874426076703699e+00
-3.668570850557939522e-02,-8.933383530973573183e-01,-5.334754160070853679e+00
-2.449264930105696347e+00,6.181202327248762618e-01,-3.257560965295171140e+00
-1.359643597434545326e+00,-2.466040755064115020e-01,-4.385440699289321564e+00
-2.301561007720828833e+00,7.652586028268253404e-01,-4.934126801839829213e+00
-1.211939675049677811e+00,-9.946570540446242337e-02,-6.062006535833979193e+00
2.296192954297624489e-01,-1.757524149680186332e-01,-2.530308589532045627e+00
1.319240628100913471e+00,-1.040476723199306397e+00,-3.658188323526196051e+00
3.773232178146301297e-01,-2.861404486606958231e-02,-4.206874426076703699e+00
1.466944550485781207e+00,-8.933383530973573183e-01,-5.334754160070853679e+00
-9.456346711143357453e-01,6.181202327248762618e-01,-3.257560965295171140e+00
1.439866615568152763e-01,-2.466040755064115020e-01,-4.385440699289321564e+00
-7.979307487294680090e-01,7.652586028268253404e-01,-4.934126801839829213e+00
2.916905839416830126e-01,-9.946570540446242337e-02,-6.062006535833979193e+00
-7.712795180301523779e-02,4.666482731546919283e-01,-2.938951323345733613e+00
1.012493380868135784e+00,-3.980760350765958355e-01,-4.066831057339883593e+00
7.057597058185244299e-02,6.137866432566410069e-01,-4.615517159890392129e+00
1.160197303253003520e+00,-2.509376649746467569e-01,-5.743396893884542109e+00
-1.252381918347113432e+00,1.260520920847586712e+00,-3.666203699108859126e+00
-1.627605856759624103e-01,3.957966126162989484e-01,-4.794083433103009106e+00
-1.104677995962245696e+00,1.407659290949535791e+00,-5.342769535653517643e+00
-1.505666329109467405e-02,5.429349827182480270e-01,-6.470649269647667623e+00
1.426502307188345364e+00,4.666482731546919283e-01,-2.938951323345733613e+00
2.516123639859496386e+00,-3.980760350765958355e-01,-4.066831057339883593e+00
1.574206229573213101e+00,6.137866432566410069e-01,-4.615517159890392129e+00
2.663827562244364344e+00,-2.509376649746467569e-01,-5.743396893884542109e+00
2.512483406442471701e-01,1.260520920847586712e+00,-3.666203699108859126e+00
1.340869673315398192e+00,3.957966126162989484e-01,-4.794083433103009106e+00
3.989522630291148508e-01,1.407659290949535791e+00,-5.342769535653517643e+00
1.488573595700265928e+00,5.429349827182480270e-01,-6.470649269647667623e+00
1.060000000000000053e+00,0.000000000000000000e+00,0.000000000000000000e+00
2.149621332671150853e+00,-8.647243082312877638e-01,-1.127879733994150202e+00
1.207703922384867790e+00,1.471383701019490509e-01,-1.676565836544658294e+00
2.297325255056018811e+00,-7.175859381293386852e-01,-2.804445570538808497e+00
-1.152539665440981409e-01,7.938726476928948950e-01,-7.272523757631256247e-01
9.743673661270528807e-01,-7.085166053839286882e-02,-1.855132109757275938e+00
3.244995584076953987e-02,9.410110177948439736e-01,-2.403818212307784030e+00
1.122071288511920617e+00,7.628670956355620980e-02,-3.531697946301934010e+00
2.563630258991360655e+00,0.000000000000000000e+00,0.000000000000000000e+00
3.653251591662511899e+00,-8.647243082312877638e-01,-1.127879733994150202e+00
2.711334181376228170e+00,1.471383701019490509e-01,-1.676565836544658294e+00
3.800955514047378969e+00,-7.175859381293386852e-01,-2.804445570538808497e+00
1.388376292447262461e+00,7.938726476928948950e-01,-7.272523757631256247e-01
2.477997625118413261e+00,-7.085166053839286882e-02,-1.855132109757275938e+00
1.536080214832130197e+00,9.410110177948439736e-01,-2.403818212307784030e+00
2.625701547503281219e+00,7.628670956355620980e-02,-3.531697946301934010e+00
2.256883011758582747e+00,6.424006881227105614e-01,-4.086427338136878751e-01
3.346504344429733990e+00,-2.223236201085772024e-01,-1.536522467807837966e+00
2.404586934143450261e+00,7.895390582246596400e-01,-2.085208570358346059e+00
3.494208266814601060e+00,-7.518525000662812374e-02,-3.213088304352496039e+00
1.081629045214484552e+00,1.436273335815605456e+00,-1.135895109576813500e+00
2.171250377885635352e+00,5.715490275843176926e-01,-2.263774843570963924e+00
1.229332967599352289e+00,1.583411705917554535e+00,-2.812460946121471572e+00
2.318954300270503310e+00,7.186873976862667712e-01,-3.940340680115621552e+00
3.760513270749943349e+00,6.424006881227105614e-01,-4.086427338136878751e-01
4.850134603421094148e+00,-2.223236201085772024e-01,-1.536522467807837966e+00
3.908217193134810863e+00,7.895390582246596400e-01,-2.085208570358346059e+00
4.997838525805962107e+00,-7.518525000662812374e-02,-3.213088304352496039e+00
2.585259304205845154e+00,1.436273335815605456e+00,-1.135895109576813500e+00
3.674880636876996398e+00,5.715490275843176926e-01,-2.263774843570963924e+00
2.732963226590712669e+00,1.583411705917554535e+00,-2.812460946121471572e+00
3.822584559261863468e+00,7.186873976862667712e-01,-3.940340680115621552e+00
-2.577687726567485793e-01,-2.295315349703078711e-01,-4.060089663733883886e-02
8.318525600144024423e-01,-1.094255843201595635e+00,-1.168480630631488992e+00
-1.100648502718808985e-01,-8.239316486835882025e-02,-1.717166733181997085e+00
9.795564823992701786e-01,-9.471174730996465563e-01,-2.845046467176147509e+00
-1.433022739200846773e+00,5.643411127225870239e-01,-7.678532724004644150e-01
-3.434014065296957519e-01,-3.003831955087007399e-01,-1.895733006394614506e+00
-1.285318816815979037e+00,7.114794828245361025e-01,-2.444419108945122598e+00
-1.956974841448280156e-01,-1.532448254067516613e-01,-3.572298842939273023e+00
1.245861486334612023e+00,-2.295315349703078711e-01,-4.060089663733883886e-02
2.335482819005763044e+00,-1.094255843201595635e+00,-1.168480630631488992e+00
1.393565408719479759e+00,-8.239316486835882025e-02,-1.717166733181997085e+00
2.483186741390630559e+00,-9.471174730996465563e-01,-2.845046467176147509e+00
7.060751979051382854e-02,5.643411127225870239e-01,-7.678532724004644150e-01
1.160228852461664850e+00,-3.003831955087007399e-01,-1.895733006394614506e+00
2.183114421753815093e-01,7.114794828245361025e-01,-2.444419108945122598e+00
1.307932774846532586e+00,-1.532448254067516613e-01,-3.572298842939273023e+00
9.391142391018343361e-01,4.128691531524026903e-01,-4.492436304510267209e-01
2.028735571772985580e+00,-4.518551550788850735e-01,-1.577123364445176978e+00
1.086818161486702072e+00,5.600075232543517689e-01,-2.125809466995685071e+00
2.176439494157853094e+00,-3.047167849769359949e-01,-3.253689200989835051e+00
-2.361397274422638581e-01,1.206741800845297696e+00,-1.176496006214152290e+00
8.534816052288871635e-01,3.420174926140099325e-01,-2.304375740208302492e+00
-8.843580505739617736e-02,1.353880170947246775e+00,-2.853061842758810585e+00
1.001185527613754900e+00,4.891558627159590111e-01,-3.980941576752960565e+00
2.442744498093194938e+00,4.128691531524026903e-01,-4.492436304510267209e-01
3.532365830764345738e+00,-4.518551550788850735e-01,-1.577123364445176978e+00
2.590448420478062452e+00,5.600075232543517689e-01,-2.125809466995685071e+00
3.680069753149213696e+00,-3.047167849769359949e-01,-3.253689200989835051e+00
1.267490531549096744e+00,1.206741800845297696e+00,-1.176496006214152290e+00
2.357111864220247988e+00,3.420174926140099325e-01,-2.304375740208302492e+00
1.415194453933964480e+00,1.353880170947246775e+00,-2.853061842758810585e+00
2.504815786605115502e+00,4.891558627159590111e-01,-3.980941576752960565e+00
1.828140043554455030e+00,-6.095965156620538616e-01,-7.951107068274745338e-01
2.917761376225605829e+00,-1.474320823893341625e+00,-1.922990440821624736e+00
1.975843965939322766e+00,-4.624581455601047830e-01,-2.471676543372132606e+00
3.065465298610473788e+00,-1.327182453791392547e+00,-3.599556277366282586e+00
6.528860770103568356e-01,1.842761320308410333e-01,-1.522363082590600047e+00
1.742507409681507857e+00,-6.804481762004467305e-01,-2.650242816584750472e+00
8.005899993952245719e-01,3.314145021327901119e-01,-3.198928919135258120e+00
1.890211332066375594e+00,-5.333098060984976518e-01,-4.326808653129408100e+00
3.331770302545815632e+00,-6.095965156620538616e-01,-7.951107068274745338e-01
4.421391635216966876e+00,-1.474320823893341625e+00,-1.922990440821624736e+00
3.479474224930683146e+00,-4.624581455601047830e-01,-2.471676543372132606e+00
4.569095557601833946e+00,-1.327182453791392547e+00,-3.599556277366282586e+00
2.156516336001717438e+00,1.842761320308410333e-01,-1.522363082590600047e+00
3.246137668672868237e+00,-6.804481762004467305e-01,-2.650242816584750472e+00
2.304220258386584952e+00,3.314145021327901119e-01,-3.198928919135258120e+00
3.393841591057736196e+00,-5.333098060984976518e-01,-4.326808653129408100e+00
3.025023055313037723e+00,3.280417246065669978e-02,-1.203753440641162520e+00
4.114644387984188967e+00,-8.319201357706310640e-01,-2.331633174635312500e+00
3.172726977697905237e+00,1.799425425626057506e-01,-2.880319277185821036e+00
4.262348310369056037e+00,-6.847817656686819854e-01,-4.008199011179971016e+00
1.849769088768939529e+00,8.266768201535515947e-01,-1.931005816404288034e+00
2.939390421440090329e+00,-3.804748807773616903e-02,-3.058885550398438014e+00
1.997473011153807265e+00,9.738151902555006734e-01,-3.607571652948946550e+00
3.087094343824958287e+00,1.090908820242129096e-01,-4.735451386943096530e+00
4.528653314304397881e+00,3.280417246065669978e-02,-1.203753440641162520e+00
5.618274646975549125e+00,-8.319201357706310640e-01,-2.331633174635312500e+00
4.676357236689265839e+00,1.799425425626057506e-01,-2.880319277185821036e+00
5.765978569360417083e+00,-6.847817656686819854e-01,-4.008199011179971016e+00
3.353399347760299687e+00,8.266768201535515947e-01,-1.931005816404288034e+00
4.443020680431450486e+00,-3.804748807773616903e-02,-3.058885550398438014e+00
3.501103270145167201e+00,9.738151902555006734e-01,-3.607571652948946550e+00
4.590724602816318445e+00,1.090908820242129096e-01,-4.735451386943096530e+00
5.103712708977063972e-01,-8.391280506323617328e-01,-8.357116034648133240e-01
1.599992603568857419e+00,-1.703852358863649386e+00,-1.963591337458963526e+00
6.580751932825741335e-01,-6.919896805304126541e-01,-2.512277440009471619e+00
1.747696525953725155e+00,-1.556713988761700307e+00,-3.640157174003621599e+00
-6.648826956463917970e-01,-4.525540293946683779e-02,-1.562963979227939060e+00
4.247386370247592247e-01,-9.099797111707546016e-01,-2.690843713222089484e+00
-5.171787732615240607e-01,1.018829671624822131e-01,-3.239529815772597132e+00
5.724425594096269609e-01,-7.628413410688055230e-01,-4.367409549766747112e+00
2.014001529889067221e+00,-8.391280506323617328e-01,-8.357116034648133240e-01
3.103622862560218465e+00,-1.703852358863649386e+00,-1.963591337458963526e+00
2.161705452273934736e+00,-6.919896805304126541e-01,-2.512277440009471619e+00
3.251326784945085535e+00,-1.556713988761700307e+00,-3.640157174003621599e+00
8.387475633449690271e-01,-4.525540293946683779e-02,-1.562963979227939060e+00
1.928368896016120049e+00,-9.099797111707546016e-01,-2.690843713222089484e+00
9.864514857298367634e-01,1.018829671624822131e-01,-3.239529815772597132e+00
2.076072818400987785e+00,-7.628413410688055230e-01,-4.367409549766747112e+00
1.707254282656289313e+00,-1.967273625096511713e-01,-1.244354337278501088e+00
2.796875615327440556e+00,-1.061451670740938935e+00,-2.372234071272651512e+00
1.854958205041157049e+00,-4.958899240770212047e-02,-2.920920173823159161e+00
2.944579537712308070e+00,-9.143133006389898565e-01,-4.048799907817309141e+00
5.320003161121911184e-01,5.971452851832437236e-01,-1.971606713041626602e+00
1.621621648783342140e+00,-2.675790230480440401e-01,-3.099486447035777026e+00
6.797042384970588547e-01,7.442836552851928023e-01,-3.648172549586284674e+00
1.769325571168209876e+00,-1.204406529460949615e-01,-4.776052283580434654e+00
3.210884541647649915e+00,-1.967273625096511713e-01,-1.244354337278501088e+00
4.300505874318800714e+00,-1.061451670740938935e+00,-2.372234071272651512e+00
3.358588464032517429e+00,-4.958899240770212047e-02,-2.920920173823159161e+00
4.448209796703668673e+00,-9.143133006389898565e-01,-4.048799907817309141e+00
2.035630575103551720e+00,5.971452851832437236e-01,-1.971606713041626602e+00
3.125251907774702964e+00,-2.675790230480440401e-01,-3.099486447035777026e+00
2.183334497488419235e+00,7.442836552851928023e-01,-3.648172549586284674e+00
3.272955830159570034e+00,-1.204406529460949615e-01,-4.776052283580434654e+00
1.164125436949496439e+00,1.037267449064831204e-01,-1.181912758213220505e+00
2.253746769620647683e+00,-7.609975633248046156e-01,-2.309792492207370707e+00
1.311829359334364176e+00,2.508651150084321713e-01,-2.858478594757878799e+00
2.401450692005515197e+00,-6.138591932228556480e-01,-3.986358328752029223e+00
-1.112852959460175484e-02,8.975993925993780431e-01,-1.909165133976346240e+00
1.078492803076549267e+00,3.287508436809027934e-02,-3.037044867970496220e+00
1.365753927902659259e-01,1.044737762701327011e+00,-3.585730970521004757e+00
1.226196725461417003e+00,1.800134544700392469e-01,-4.713610704515154737e+00
2.667755695940857041e+00,1.037267449064831204e-01,-1.181912758213220505e+00
3.757377028612007841e+00,-7.609975633248046156e-01,-2.309792492207370707e+00
2.815459618325724556e+00,2.508651150084321713e-01,-2.858478594757878799e+00
3.905080950996875799e+00,-6.138591932228556480e-01,-3.986358328752029223e+00
1.492501729396758847e+00,8.975993925993780431e-01,-1.909165133976346240e+00
2.582123062067910091e+00,3.287508436809027934e-02,-3.037044867970496220e+00
1.640205651781626583e+00,1.044737762701327011e+00,-3.585730970521004757e+00
2.729826984452777605e+00,1.800134544700392469e-01,-4.713610704515154737e+00
2.361008448708079577e+00,7.461274330291937096e-01,-1.590555492026908269e+00
3.450629781379230820e+00,-1.185968752020940542e-01,-2.718435226021058249e+00
2.508712371092947091e+00,8.932658031311427882e-01,-3.267121328571566785e+00
3.598333703764097891e+00,2.854149489985502441e-02,-4.395001062565716765e+00
1.185754482163981383e+00,1.540000080722088605e+00,-2.317807867790033782e+00
2.275375814835132182e+00,6.752757724908008408e-01,-3.445687601784183762e+00
1.333458404548849119e+00,1.687138450824037683e+00,-3.994373704334692299e+00
2.423079737220000140e+00,8.224141425927499194e-01,-5.122253438328842279e+00
3.864638707699440179e+00,7.461274330291937096e-01,-1.590555492026908269e+00
4.954260040370590978e+00,-1.185968752020940542e-01,-2.718435226021058249e+00
4.012342630084307693e+00,8.932658031311427882e-01,-3.267121328571566785e+00
5.101963962755458937e+00,2.854149489985502441e-02,-4.395001062565716765e+00
2.689384741155341985e+00,1.540000080722088605e+00,-2.317807867790033782e+00
3.779006073826493228e+00,6.752757724908008408e-01,-3.445687601784183762e+00
2.837088663540209499e+00,1.687138450824037683e+00,-3.994373704334692299e+00
3.926709996211360298e+00,8.224141425927499194e-01,-5.122253438328842279e+00
-1.536433357072521932e-01,-1.258047900638247507e-01,-1.222513654850559295e+00
9.359779969638988284e-01,-9.905290982951124867e-01,-2.350393388844709719e+00
-5.939413322384512472e-03,2.133358003812430015e-02,-2.899079491395217367e+00
1.083681919348766565e+00,-8.433907281931634081e-01,-4.026959225389367347e+00
-1.328897302251350387e+00,6.680678576290701720e-01,-1.949766030613684809e+00
-2.392759695801993658e-01,-1.966564506022175918e-01,-3.077645764607835233e+00
-1.181193379866482651e+00,8.152062277310192506e-01,-3.626331867158342881e+00
-9.157204719533162951e-02,-4.951808050026851316e-02,-4.754211601152492861e+00
1.349986923284108409e+00,-1.258047900638247507e-01,-1.222513654850559295e+00
2.439608255955259430e+00,-9.905290982951124867e-01,-2.350393388844709719e+00
1.497690845668976145e+00,2.133358003812430015e-02,-2.899079491395217367e+00
2.587312178340127389e+00,-8.433907281931634081e-01,-4.026959225389367347e+00
1.747329567400102146e-01,6.680678576290701720e-01,-1.949766030613684809e+00
1.264354289411161236e+00,-1.966564506022175918e-01,-3.077645764607835233e+00
3.224368791248778954e-01,8.152062277310192506e-01,-3.626331867158342881e+00
1.412058211796028973e+00,-4.951808050026851316e-02,-4.754211601152492861e+00
1.043239676051330722e+00,5.165958980588858385e-01,-1.631156388664247281e+00
2.132861008722481522e+00,-3.481284101724019253e-01,-2.759036122658397261e+00
1.190943598436198458e+00,6.637342681608349171e-01,-3.307722225208905797e+00
2.280564931107349480e+00,-2.009900400704528467e-01,-4.435601959203055777e+00
-1.320142904927674721e-01,1.310468545751780844e+00,-2.358408764427372795e+00
9.576070421783835496e-01,4.457442375204930807e-01,-3.486288498421522775e+00
1.568963189210020870e-02,1.457606915853729923e+00,-4.034974600972031311e+00
1.105310964563251286e+00,5.928826076224421593e-01,-5.162854334966181291e+00
2.546869935042691324e+00,5.165958980588858385e-01,-1.631156388664247281e+00
3.636491267713842568e+00,-3.481284101724019253e-01,-2.759036122658397261e+00
2.694573857427558838e+00,6.637342681608349171e-01,-3.307722225208905797e+00
3.784195190098709638e+00,-2.009900400704528467e-01,-4.435601959203055777e+00
1.371615968498593130e+00,1.310468545751780844e+00,-2.358408764427372795e+00
2.461237301169743930e+00,4.457442375204930807e-01,-3.486288498421522775e+00
1.519319890883460866e+00,1.457606915853729923e+00,-4.034974600972031311e+00
2.608941223554611888e+00,5.928826076224421593e-01,-5.162854334966181291e+00
1.932265480503951416e+00,-5.058697707555707135e-01,-1.977023465040695038e+00
3.021886813175102660e+00,-1.370594078986858477e+00,-3.104903199034845240e+00
2.079969402888818930e+00,-3.587314006536216349e-01,-3.653589301585353333e+00
3.169590735559969730e+00,-1.223455708884909399e+00,-4.781469035579503313e+00
7.570115139598532217e-01,2.880028769373241815e-01,-2.704275840803820774e+00
1.846632846631004243e+00,-5.767214312939635823e-01,-3.832155574797971198e+00
9.047154363447209580e-01,4.351412470392732601e-01,-4.380841677348478846e+00
1.994336769015871980e+00,-4.295830611920145037e-01,-5.508721411342628826e+00
3.435895739495312018e+00,-5.058697707555707135e-01,-1.977023465040695038e+00
4.525517072166462818e+00,-1.370594078986858477e+00,-3.104903199034845240e+00
3.583599661880179532e+00,-3.587314006536216349e-01,-3.653589301585353333e+00
4.673220994551330776e+00,-1.223455708884909399e+00,-4.781469035579503313e+00
2.260641772951213824e+00,2.880028769373241815e-01,-2.704275840803820774e+00
3.350263105622365067e+00,-5.767214312939635823e-01,-3.832155574797971198e+00
2.408345695336081338e+00,4.351412470392732601e-01,-4.380841677348478846e+00
3.497967028007232138e+00,-4.295830611920145037e-01,-5.508721411342628826e+00
3.129148492262534553e+00,1.365309173671398479e-01,-2.385666198854382802e+00
4.218769824933685797e+00,-7.281933908641479158e-01,-3.513545932848533226e+00
3.276852414647402068e+00,2.836692874690889266e-01,-4.062232035399040875e+00
4.366473747318552867e+00,-5.810550207621988372e-01,-5.190111769393190855e+00
1.953894525718436359e+00,9.304035650600347429e-01,-3.112918574617508316e+00
3.043515858389587159e+00,6.567925682874697912e-02,-4.240798308611658740e+00
2.101598448103303873e+00,1.077541935161983711e+00,-4.789484411162166388e+00
3.191219780774455117e+00,2.128176269306959467e-01,-5.917364145156316368e+00
4.632778751253894711e+00,1.365309173671398479e-01,-2.385666198854382802e+00
5.722400083925045955e+00,-7.281933908641479158e-01,-3.513545932848533226e+00
4.780482673638762670e+00,2.836692874690889266e-01,-4.062232035399040875e+00
5.870104006309913913e+00,-5.810550207621988372e-01,-5.190111769393190855e+00
3.457524784709796517e+00,9.304035650600347429e-01,-3.112918574617508316e+00
4.547146117380947317e+00,6.567925682874697912e-02,-4.240798308611658740e+00
3.605228707094664031e+00,1.077541935161983711e+00,-4.789484411162166388e+00
4.694850039765815275e+00,2.128176269306959467e-01,-5.917364145156316368e+00
6.144967078472027833e-01,-7.354013057258785846e-01,-2.017624361678033829e+00
1.704118040518353805e+00,-1.600125613957166237e+00,-3.145504095672183809e+00
7.622006302320705196e-01,-5.882629356239295060e-01,-3.694190198222692345e+00
1.851821962903221541e+00,-1.452987243855217159e+00,-4.822069932216842325e+00
-5.607572586968954109e-01,5.847134196701631037e-02,-2.744876737441159342e+00
5.288640739742556107e-01,-8.062529662642714534e-01,-3.872756471435309322e+00
-4.130533363120277301e-01,2.056097120689653612e-01,-4.421442573985817859e+00
6.765679963591233470e-01,-6.591145961623223748e-01,-5.549322307979967839e+00
2.118126966838563163e+00,-7.354013057258785846e-01,-2.017624361678033829e+00
3.207748299509714407e+00,-1.600125613957166237e+00,-3.145504095672183809e+00
2.265830889223430678e+00,-5.882629356239295060e-01,-3.694190198222692345e+00
3.355452221894581477e+00,-1.452987243855217159e+00,-4.822069932216842325e+00
9.428730002944649691e-01,5.847134196701631037e-02,-2.744876737441159342e+00
2.032494332965615769e+00,-8.062529662642714534e-01,-3.872756471435309322e+00
1.090576922679332705e+00,2.056097120689653612e-01,-4.421442573985817859e+00
2.180198255350483727e+00,-6.591145961623223748e-01,-5.549322307979967839e+00
1.811379719605785699e+00,-9.300061760316802317e-02,-2.426267095491721815e+00
2.901001052276936498e+00,-9.577249258344557870e-01,-3.554146829485872239e+00
1.959083641990653435e+00,5.413775249878102769e-02,-4.102832932036379887e+00
3.048704974661804457e+00,-8.105865557325067083e-01,-5.230712666030529867e+00
6.361257530616875044e-01,7.008720300897268718e-01,-3.153519471254847328e+00
1.725747085732838526e+00,-1.638522781415608920e-01,-4.281399205248997752e+00
7.838296754465552407e-01,8.480104001916759504e-01,-4.830085307799505401e+00
1.873451008117706262e+00,-1.671390803961181337e-02,-5.957965041793655381e+00
3.315009978597146301e+00,-9.300061760316802317e-02,-2.426267095491721815e+00
4.404631311268297544e+00,-9.577249258344557870e-01,-3.554146829485872239e+00
3.462713900982013815e+00,5.413775249878102769e-02,-4.102832932036379887e+00
4.552335233653164615e+00,-8.105865557325067083e-01,-5.230712666030529867e+00
2.139756012053048106e+00,7.008720300897268718e-01,-3.153519471254847328e+00
3.229377344724198906e+00,-1.638522781415608920e-01,-4.281399205248997752e+00
2.287459934437915621e+00,8.480104001916759504e-01,-4.830085307799505401e+00
3.377081267109066864e+00,-1.671390803961181337e-02,-5.957965041793655381e+00
2.314923285911992812e-01,5.596488907578599514e-01,-5.126842278540116871e-01
1.321113661262350192e+00,-3.050754174734278124e-01,-1.640563961848161778e+00
3.791962509760669620e-01,7.067872608598090300e-01,-2.189250064398669871e+00
1.468817583647217928e+00,-1.579370473714787337e-01,-3.317129798392819851e+00
-9.437616379528989130e-01,1.353521538450754846e+00,-1.239936603617137312e+00
1.458596947182521086e-01,4.887972302194670826e-01,-2.367816337611287736e+00
-7.960577155680312877e-01,1.500659908552703925e+00,-2.916502440161795384e+00
2.935636171031197339e-01,6.359356003214161612e-01,-4.044382174155945364e+00
1.735122587582559994e+00,5.596488907578599514e-01,-5.126842278540116871e-01
2.824743920253711238e+00,-3.050754174734278124e-01,-1.640563961848161778e+00
1.882826509967427731e+00,7.067872608598090300e-01,-2.189250064398669871e+00
2.972447842638578752e+00,-1.579370473714787337e-01,-3.317129798392819851e+00
5.598686210384618001e-01,1.353521538450754846e+00,-1.239936603617137312e+00
1.649489953709612822e+00,4.887972302194670826e-01,-2.367816337611287736e+00
7.075725434233295363e-01,1.500659908552703925e+00,-2.916502440161795384e+00
1.797193876094480558e+00,6.359356003214161612e-01,-4.044382174155945364e+00
1.428375340349782086e+00,1.202049578880570513e+00,-9.213269616676995621e-01
2.517996673020933329e+00,3.373252706492827491e-01,-2.049206695661849764e+00
1.576079262734649822e+00,1.349187948982519591e+00,-2.597892798212357857e+00
2.665700595405800843e+00,4.844636407512318277e-01,-3.725772532206508281e+00
2.531213738056838913e-01,1.995922226573465519e+00,-1.648579337430825298e+00
1.342742706476834913e+00,1.131197918342177644e+00,-2.776459071424975278e+00
4.008252961905515721e-01,2.143060596675414597e+00,-3.325145173975483814e+00
1.490446628861702649e+00,1.278336288444126723e+00,-4.453024907969633794e+00
2.932005599341142688e+00,1.202049578880570513e+00,-9.213269616676995621e-01
4.021626932012293487e+00,3.373252706492827491e-01,-2.049206695661849764e+00
3.079709521726010202e+00,1.349187948982519591e+00,-2.597892798212357857e+00
4.169330854397161445e+00,4.844636407512318277e-01,-3.725772532206508281e+00
1.756751632797044493e+00,1.995922226573465519e+00,-1.648579337430825298e+00
2.846372965468195737e+00,1.131197918342177644e+00,-2.776459071424975278e+00
1.904455555181912230e+00,2.143060596675414597e+00,-3.325145173975483814e+00
2.994076887853063251e+00,1.278336288444126723e+00,-4.453024907969633794e+00
-1.086276444065549462e+00,3.301173557875520803e-01,-5.532851244913504773e-01
3.344888605601559206e-03,-5.346069524437356835e-01,-1.681164858485500790e+00
-9.385725216806817262e-01,4.772557258895011589e-01,-2.229850961036008883e+00
1.510488109904692955e-01,-3.874685823417866049e-01,-3.357730695030158863e+00
-2.261530410609647657e+00,1.123990003480447086e+00,-1.280537500254476102e+00
-1.171909077938496635e+00,2.592656952491593225e-01,-2.408417234248626304e+00
-2.113826488224780142e+00,1.271128373582396165e+00,-2.957103336799134397e+00
-1.024205155553629121e+00,4.064040653511084011e-01,-4.084983070793284377e+00
4.173538149258111396e-01,3.301173557875520803e-01,-5.532851244913504773e-01
1.506975147596962161e+00,-5.346069524437356835e-01,-1.681164858485500790e+00
5.650577373106788759e-01,4.772557258895011589e-01,-2.229850961036008883e+00
1.654679069981829898e+00,-3.874685823417866049e-01,-3.357730695030158863e+00
-7.579001516182870546e-01,1.123990003480447086e+00,-1.280537500254476102e+00
3.317211810528639671e-01,2.592656952491593225e-01,-2.408417234248626304e+00
-6.101962292334193183e-01,1.271128373582396165e+00,-2.957103336799134397e+00
4.794251034377317033e-01,4.064040653511084011e-01,-4.084983070793284377e+00
1.106065676930334529e-01,9.725180439102626417e-01,-9.619278583050383524e-01
1.200227900364184475e+00,1.077937356789748780e-01,-2.089807592299188777e+00
2.583104900779011337e-01,1.119656414012211609e+00,-2.638493694849696425e+00
1.347931822749052211e+00,2.549321057809238456e-01,-3.766373428843846405e+00
-1.064647398851064741e+00,1.766390691603157537e+00,-1.689180234068163866e+00
2.497393382008628038e-02,9.016663833718697729e-01,-2.817059968062314290e+00
-9.169434764661970050e-01,1.913529061705106615e+00,-3.365746070612821939e+00
1.726778562049540167e-01,1.048804753473818963e+00,-4.493625804606971919e+00
1.614236826684394055e+00,9.725180439102626417e-01,-9.619278583050383524e-01
2.703858159355545077e+00,1.077937356789748780e-01,-2.089807592299188777e+00
1.761940749069261791e+00,1.119656414012211609e+00,-2.638493694849696425e+00
2.851562081740413035e+00,2.549321057809238456e-01,-3.766373428843846405e+00
4.389828601402958608e-01,1.766390691603157537e+00,-1.689180234068163866e+00
1.528604192811446882e+00,9.016663833718697729e-01,-2.817059968062314290e+00
5.866867825251635971e-01,1.913529061705106615e+00,-3.365746070612821939e+00
1.676308115196314619e+00,1.048804753473818963e+00,-4.493625804606971919e+00
9.996323721456542577e-01,-4.994762490419391021e-02,-1.307794934681486332e+00
2.089253704816805168e+00,-9.146719331354816740e-01,-2.435674668675636312e+00
1.147336294530521883e+00,9.719074519775514065e-02,-2.984360771226144848e+00
2.236957627201673127e+00,-7.675335630335325954e-01,-4.112240505220294828e+00
-1.756215943984439365e-01,7.439250227887009848e-01,-2.035047310444611846e+00
9.139997382727070852e-01,-1.207992854425867790e-01,-3.162927044438761826e+00
-2.791767201357625572e-02,8.910633928906500634e-01,-3.711613146989270362e+00
1.061703660657574710e+00,2.633908465936229959e-02,-4.839492880983420342e+00
2.503262631137014971e+00,-4.994762490419391021e-02,-1.307794934681486332e+00
3.592883963808166214e+00,-9.146719331354816740e-01,-2.435674668675636312e+00
2.650966553521882485e+00,9.719074519775514065e-02,-2.984360771226144848e+00
3.740587886193033285e+00,-7.675335630335325954e-01,-4.112240505220294828e+00
1.328008664592916777e+00,7.439250227887009848e-01,-2.035047310444611846e+00
2.417629997264067576e+00,-1.207992854425867790e-01,-3.162927044438761826e+00
1.475712586977784513e+00,8.910633928906500634e-01,-3.711613146989270362e+00
2.565333919648935534e+00,2.633908465936229959e-02,-4.839492880983420342e+00
2.196515383904237062e+00,5.924530632185166512e-01,-1.716437668495174318e+00
3.286136716575388306e+00,-2.722712450127711126e-01,-2.844317402489324742e+00
2.344219306289104576e+00,7.395914333204657298e-01,-3.393003505039832390e+00
3.433840638960255376e+00,-1.251328749108220340e-01,-4.520883239033982370e+00
1.021261417360138868e+00,1.386325710911411546e+00,-2.443690044258299832e+00
2.110882750031289667e+00,5.216014026801237824e-01,-3.571569778252450256e+00
1.168965339745006604e+00,1.533464081013360625e+00,-4.120255880802957904e+00
2.258586672416157626e+00,6.687397727820728610e-01,-5.248135614797107884e+00
3.700145642895597664e+00,5.924530632185166512e-01,-1.716437668495174318e+00
4.789766975566748464e+00,-2.722712450127711126e-01,-2.844317402489324742e+00
3.847849565280465178e+00,7.395914333204657298e-01,-3.393003505039832390e+00
4.937470897951616422e+00,-1.251328749108220340e-01,-4.520883239033982370e+00
2.524891676351499470e+00,1.386325710911411546e+00,-2.443690044258299832e+00
3.614513009022650714e+00,5.216014026801237824e-01,-3.571569778252450256e+00
2.672595598736366984e+00,1.533464081013360625e+00,-4.120255880802957904e+00
3.762216931407517784e+00,6.687397727820728610e-01,-5.248135614797107884e+00
-3.181364005110943749e-01,-2.794791598745017813e-01,-1.348395831318825122e+00
7.714849321600566467e-01,-1.144203468105789545e+00,-2.476275565312975324e+00
-1.704324781262266941e-01,-1.323407897725527305e-01,-3.024961667863483417e+00
9.191888545449242720e-01,-9.970650980038404665e-01,-4.152841401857633841e+00
-1.493390367055192680e+00,5.143934878183931136e-01,-2.075648207081950858e+00
-4.037690343840416585e-01,-3.503308204128946501e-01,-3.203527941076100838e+00
-1.345686444670324944e+00,6.615318579203421923e-01,-3.752214043626609374e+00
-2.560651119991739222e-01,-2.031924503109455715e-01,-4.880093777620759354e+00
1.185493858480266116e+00,-2.794791598745017813e-01,-1.348395831318825122e+00
2.275115191151416916e+00,-1.144203468105789545e+00,-2.476275565312975324e+00
1.333197780865133852e+00,-1.323407897725527305e-01,-3.024961667863483417e+00
2.422819113536284874e+00,-9.970650980038404665e-01,-4.152841401857633841e+00
1.023989193616792193e-02,5.143934878183931136e-01,-2.075648207081950858e+00
1.099861224607318944e+00,-3.503308204128946501e-01,-3.203527941076100838e+00
1.579438143210356027e-01,6.615318579203421923e-01,-3.752214043626609374e+00
1.247565146992186680e+00,-2.031924503109455715e-01,-4.880093777620759354e+00
8.787466112474885405e-01,3.629215282482087801e-01,-1.757038565132512886e+00
1.968367943918639451e+00,-5.018027799830789837e-01,-2.884918299126662866e+00
1.026450533632356166e+00,5.100598983501578587e-01,-3.433604401677171403e+00
2.116071866303506965e+00,-3.546644098811299051e-01,-4.561484135671321383e+00
-2.965073552966096537e-01,1.156794175941103564e+00,-2.484290940895638400e+00
7.931139773745413679e-01,2.920698677098158003e-01,-3.612170674889788380e+00
-1.488034329117419730e-01,1.303932546043052643e+00,-4.160856777440296916e+00
9.408178997594089932e-01,4.392082378117648789e-01,-5.288736511434446896e+00
2.382376870238849254e+00,3.629215282482087801e-01,-1.757038565132512886e+00
3.471998202910000053e+00,-5.018027799830789837e-01,-2.884918299126662866e+00
2.530080792623716768e+00,5.100598983501578587e-01,-3.433604401677171403e+00
3.619702125294868011e+00,-3.546644098811299051e-01,-4.561484135671321383e+00
1.207122903694751059e+00,1.156794175941103564e+00,-2.484290940895638400e+00
2.296744236365902303e+00,2.920698677098158003e-01,-3.612170674889788380e+00
1.354826826079618796e+00,1.303932546043052643e+00,-4.160856777440296916e+00
2.444448158750769817e+00,4.392082378117648789e-01,-5.288736511434446896e+00
3.356177655406956117e-01,6.633756356643430996e-01,-1.694596986067232081e+00
1.425239098211846578e+00,-2.013486725669446642e-01,-2.822476720061382061e+00
4.833216879255632925e-01,8.105140057662921782e-01,-3.371162822611890597e+00
1.572943020596714314e+00,-5.421030246499558558e-02,-4.499042556606040577e+00
-8.396362010034026380e-01,1.457248283357237995e+00,-2.421849361830357594e+00
2.499851316677483837e-01,5.925239751259502308e-01,-3.549729095824507574e+00
-6.919322786185349017e-01,1.604386653459187073e+00,-4.098415198375016111e+00
3.976890540526161200e-01,7.396623452278993094e-01,-5.226294932369166091e+00
1.839248024532056158e+00,6.633756356643430996e-01,-1.694596986067232081e+00
2.928869357203207180e+00,-2.013486725669446642e-01,-2.822476720061382061e+00
1.986951946916923895e+00,8.105140057662921782e-01,-3.371162822611890597e+00
3.076573279588075138e+00,-5.421030246499558558e-02,-4.499042556606040577e+00
6.639940579879579641e-01,1.457248283357237995e+00,-2.421849361830357594e+00
1.753615390659108986e+00,5.925239751259502308e-01,-3.549729095824507574e+00
8.116979803728257004e-01,1.604386653459187073e+00,-4.098415198375016111e+00
1.901319313043976722e+00,7.396623452278993094e-01,-5.226294932369166091e+00
1.532500777299278472e+00,1.305776323787053661e+00,-2.103239719880920067e+00
2.622122109970429271e+00,4.410520155557658972e-01,-3.231119453875070491e+00
1.680204699684146208e+00,1.452914693889002740e+00,-3.779805556425578139e+00
2.769826032355297230e+00,5.881903856577149758e-01,-4.907685290419728119e+00
3.572468107551802774e-01,2.099648971479948667e+00,-2.830492095644045580e+00
1.446868143426331299e+00,1.234924663248660792e+00,-3.958371829638196004e+00
5.049507331400480137e-01,2.246787341581897746e+00,-4.507057932188703653e+00
1.594572065811199035e+00,1.382063033350609871e+00,-5.634937666182853633e+00
3.036131036290639074e+00,1.305776323787053661e+00,-2.103239719880920067e+00
4.125752368961790317e+00,4.410520155557658972e-01,-3.231119453875070491e+00
3.183834958675506588e+00,1.452914693889002740e+00,-3.779805556425578139e+00
4.273456291346657387e+00,5.881903856577149758e-01,-4.907685290419728119e+00
1.860877069746540879e+00,2.099648971479948667e+00,-2.830492095644045580e+00
2.950498402417691679e+00,1.234924663248660792e+00,-3.958371829638196004e+00
2.008580992131408394e+00,2.246787341581897746e+00,-4.507057932188703653e+00
3.098202324802559637e+00,1.382063033350609871e+00,-5.634937666182853633e+00
-9.821510071160530764e-01,4.338441006940352285e-01,-1.735197882704570871e+00
1.074703255550979453e-01,-4.308802075372525353e-01,-2.863077616698721073e+00
-8.344470847311853401e-01,5.809824707959843071e-01,-3.411763719249229165e+00
2.551742479399656816e-01,-2.837418374353034567e-01,-4.539643453243379589e+00
-2.157404973660151271e+00,1.227716748386930234e+00,-2.462450258467696607e+00
-1.067783640989000249e+00,3.629924401556424707e-01,-3.590329992461846587e+00
-2.009701051275283756e+00,1.374855118488879313e+00,-4.139016095012355123e+00
-9.200797186041327347e-01,5.101308102575915493e-01,-5.266895829006505103e+00
5.214792518753075257e-01,4.338441006940352285e-01,-1.735197882704570871e+00
1.611100584546458547e+00,-4.308802075372525353e-01,-2.863077616698721073e+00
6.691831742601752619e-01,5.809824707959843071e-01,-3.411763719249229165e+00
1.758804506931326284e+00,-2.837418374353034567e-01,-4.539643453243379589e+00
-6.537747146687906685e-01,1.227716748386930234e+00,-2.462450258467696607e+00
4.358466180023603531e-01,3.629924401556424707e-01,-3.590329992461846587e+00
-5.060707922839229322e-01,1.374855118488879313e+00,-4.139016095012355123e+00
5.835505403872280894e-01,5.101308102575915493e-01,-5.266895829006505103e+00
2.147320046425298390e-01,1.076244788816745679e+00,-2.143840616518258635e+00
1.304353337313680861e+00,2.115204805854579151e-01,-3.271720350512408615e+00
3.624359270273975198e-01,1.223383158918694757e+00,-3.820406453062917151e+00
1.452057259698548597e+00,3.586588506874069937e-01,-4.948286187057067131e+00
-9.605219619015683552e-01,1.870117436509640463e+00,-2.871092992281384149e+00
1.290993707695826664e-01,1.005393128278352588e+00,-3.998972726275534129e+00
-8.128180395167006189e-01,2.017255806611589541e+00,-4.547658828826042665e+00
2.768032931544504027e-01,1.152531498380301667e+00,-5.675538562820192645e+00
1.718362263633890441e+00,1.076244788816745679e+00,-2.143840616518258635e+00
2.807983596305041463e+00,2.115204805854579151e-01,-3.271720350512408615e+00
1.866066186018758177e+00,1.223383158918694757e+00,-3.820406453062917151e+00
2.955687518689908977e+00,3.586588506874069937e-01,-4.948286187057067131e+00
5.431082970897922468e-01,1.870117436509640463e+00,-2.871092992281384149e+00
1.632729629760943268e+00,1.005393128278352588e+00,-3.998972726275534129e+00
6.908122194746599831e-01,2.017255806611589541e+00,-4.547658828826042665e+00
1.780433552145811005e+00,1.152531498380301667e+00,-5.675538562820192645e+00
1.103757809095150533e+00,5.377912000228923795e-02,-2.489707692894706614e+00
2.193379141766301554e+00,-8.109451882289985258e-01,-3.617587426888857038e+00
1.251461731480018269e+00,2.009174901042382888e-01,-4.166273529439364687e+00
2.341083064151169069e+00,-6.638068181270494472e-01,-5.294153263433514667e+00
-7.149615744894766145e-02,8.476517676951841329e-01,-3.216960068657832128e+00
1.018125175222203360e+00,-1.707254053610363087e-02,-4.344839802651982552e+00
7.620776493592001932e-02,9.947901377971332115e-01,-4.893525905202490200e+00
1.165829097607071096e+00,1.300658295658454477e-01,-6.021405639196640180e+00
2.607388068086510913e+00,5.377912000228923795e-02,-2.489707692894706614e+00
3.697009400757662156e+00,-8.109451882289985258e-01,-3.617587426888857038e+00
2.755091990471378427e+00,2.009174901042382888e-01,-4.166273529439364687e+00
3.844713323142529227e+00,-6.638068181270494472e-01,-5.294153263433514667e+00
1.432134101542412719e+00,8.476517676951841329e-01,-3.216960068657832128e+00
2.521755434213563518e+00,-1.707254053610363087e-02,-4.344839802651982552e+00
1.579838023927280455e+00,9.947901377971332115e-01,-4.893525905202490200e+00
2.669459356598431476e+00,1.300658295658454477e-01,-6.021405639196640180e+00
2.300640820853733448e+00,6.961798081249997994e-01,-2.898350426708394600e+00
3.390262153524884248e+00,-1.685445001062879644e-01,-4.026230160702544580e+00
2.448344743238600962e+00,8.433181782269488780e-01,-4.574916263253053117e+00
3.537966075909752206e+00,-2.140613000433888580e-02,-5.702795997247203097e+00
1.125386854309635254e+00,1.490052455817894694e+00,-3.625602802471520114e+00
2.215008186980786498e+00,6.253281475866069306e-01,-4.753482536465670094e+00
1.273090776694502990e+00,1.637190825919843773e+00,-5.302168639016178631e+00
2.362712109365654012e+00,7.724665176885560092e-01,-6.430048373010328611e+00
3.804271079845094050e+00,6.961798081249997994e-01,-2.898350426708394600e+00
4.893892412516245294e+00,-1.685445001062879644e-01,-4.026230160702544580e+00
3.951975002229961564e+00,8.433181782269488780e-01,-4.574916263253053117e+00
5.041596334901112364e+00,-2.140613000433888580e-02,-5.702795997247203097e+00
2.629017113300995856e+00,1.490052455817894694e+00,-3.625602802471520114e+00
3.718638445972146656e+00,6.253281475866069306e-01,-4.753482536465670094e+00
2.776721035685863370e+00,1.637190825919843773e+00,-5.302168639016178631e+00
3.866342368357014614e+00,7.724665176885560092e-01,-6.430048373010328611e+00
-2.140109635615980999e-01,-1.757524149680186332e-01,-2.530308589532045627e+00
8.756103691095529218e-01,-1.040476723199306397e+00,-3.658188323526196051e+00
-6.630704117673041909e-02,-2.861404486606958231e-02,-4.206874426076703699e+00
1.023314291494420658e+00,-8.933383530973573183e-01,-5.334754160070853679e+00
-1.389264930105696294e+00,6.181202327248762618e-01,-3.257560965295171140e+00
-2.996435974345452724e-01,-2.466040755064115020e-01,-4.385440699289321564e+00
-1.241561007720828558e+00,7.652586028268253404e-01,-4.934126801839829213e+00
-1.519396750496775361e-01,-9.946570540446242337e-02,-6.062006535833979193e+00
1.289619295429762502e+00,-1.757524149680186332e-01,-2.530308589532045627e+00
2.379240628100913746e+00,-1.040476723199306397e+00,-3.658188323526196051e+00
1.437323217814630238e+00,-2.861404486606958231e-02,-4.206874426076703699e+00
2.526944550485781260e+00,-8.933383530973573183e-01,-5.334754160070853679e+00
1.143653288856643080e-01,6.181202327248762618e-01,-3.257560965295171140e+00
1.203986661556815330e+00,-2.466040755064115020e-01,-4.385440699289321564e+00
2.620692512705319888e-01,7.652586028268253404e-01,-4.934126801839829213e+00
1.351690583941683066e+00,-9.946570540446242337e-02,-6.062006535833979193e+00
9.828720481969848155e-01,4.666482731546919283e-01,-2.938951323345733613e+00
2.072493380868135837e+00,-3.980760350765958355e-01,-4.066831057339883593e+00
1.130575970581852552e+00,6.137866432566410069e-01,-4.615517159890392129e+00
2.220197303253003795e+00,-2.509376649746467569e-01,-5.743396893884542109e+00
-1.923819183471133787e-01,1.260520920847586712e+00,-3.666203699108859126e+00
8.972394143240376430e-01,3.957966126162989484e-01,-4.794083433103009106e+00
-4.467799596224569791e-02,1.407659290949535791e+00,-5.342769535653517643e+00
1.044943336708905379e+00,5.429349827182480270e-01,-6.470649269647667623e+00
2.486502307188345640e+00,4.666482731546919283e-01,-2.938951323345733613e+00
3.576123639859496883e+00,-3.980760350765958355e-01,-4.066831057339883593e+00
2.634206229573213154e+00,6.137866432566410069e-01,-4.615517159890392129e+00
3.723827562244363953e+00,-2.509376649746467569e-01,-5.743396893884542109e+00
1.311248340644247445e+00,1.260520920847586712e+00,-3.666203699108859126e+00
2.400869673315398245e+00,3.957966126162989484e-01,-4.794083433103009106e+00
1.458952263029115182e+00,1.407659290949535791e+00,-5.342769535653517643e+00
2.548573595700266203e+00,5.429349827182480270e-01,-6.470649269647667623e+00
